{"cameraMode":{"drawMode":0,"name":"Shaded","section":"Shading Mode"},"sceneLighting":false,"audioPlay":false,"sceneViewState":{"m_AlwaysRefresh":false,"showFog":true,"showSkybox":false,"showFlares":true,"showImageEffects":true,"showParticleSystems":true,"showVisualEffectGraphs":true,"m_FxEnabled":true},"in2DMode":false,"pivot":{"x":-0.5884475708007813,"y":-0.5075899958610535,"z":2.2676525115966799},"rotation":{"x":-0.12135342508554459,"y":0.0497051402926445,"z":-0.006079426966607571,"w":-0.9913250803947449},"size":1.7694655656814576,"orthographic":false}