{"cameraMode":{"drawMode":0,"name":"Shaded","section":"Shading Mode"},"sceneLighting":false,"audioPlay":false,"sceneViewState":{"m_AlwaysRefresh":false,"showFog":true,"showSkybox":false,"showFlares":true,"showImageEffects":true,"showParticleSystems":true,"showVisualEffectGraphs":true,"m_FxEnabled":true},"in2DMode":false,"pivot":{"x":-0.0443204827606678,"y":1.0122281312942505,"z":0.7566584348678589},"rotation":{"x":0.029684653505682946,"y":0.009593022055923939,"z":0.0002860577660612762,"w":-0.9994962811470032},"size":0.6412006616592407,"orthographic":false}